"D","ROCAUC","pipeline","cv_avg_D","cv_sd_D","cv_avg_rocauc","cv_sd_rocauc"
0.472448057813912,0.691056910569106,"GBM_AgeSexAdjusted",0.328473351400181,0.106118139501082,0.639412827461608,0.0700604576626475
0.229448961156278,0.61156278229449,"GBM_AllAdjusted",0.249096657633243,0.0795512794933667,0.55890243902439,0.084097016563214
0.533875338753388,0.764227642276423,"GBM_Unadjusted",0.353613369467028,0.117268628603809,0.644873532068654,0.0985042067855631
0.340560072267389,0.715447154471545,"GLM_AgeSexAdjusted",0.327488708220416,0.1059736962424,0.651860885275519,0.0875935749595038
0.278229448961156,0.663053297199639,"GLM_AllAdjusted",0.288184281842818,0.103392178323909,0.610785907859079,0.0998874868875209
0.350496838301716,0.689250225835592,"GLM_Unadjusted",0.309602529358627,0.107687609030393,0.634209575429088,0.085103866168356
