"pipeline","p"
"GBM_AgeSexAdjusted",0.002997002997003
"GBM_AllAdjusted",0.044955044955045
"GBM_Unadjusted",0.000999000999000999
"GLM_AgeSexAdjusted",0.000999000999000999
"GLM_AllAdjusted",0.004995004995005
"GLM_Unadjusted",0.000999000999000999
